customer_id,P_buy,P_service,CreditRiskProb,P_upsell,CLV_12m,LeadScore,cluster,segment,next_action,offer_text,discount_pct
001,0.0416666666666666,0.0333333333333333,0.0916666666666666,1.0,12073.717125533009,0.1124555880607487,3,Potential New Buyers,Accessory Upsell,Accessory Bundle (~2% value),0.02
002,0.0166666666666666,0.0,0.0,0.9833333333333332,4648.327245149912,0.1090911680355396,3,Potential New Buyers,Accessory Upsell,Accessory Bundle (~2% value),0.02
003,0.85,0.0333333333333333,0.0,0.9916666666666668,237517.5885153037,0.6517105711177564,1,Service-Only,New-Car Promo,VIP Perks (0% off),0.0
004,0.8333333333333334,0.1,0.025,0.9916666666666668,233775.0592954703,0.6437414056926826,1,Service-Only,New-Car Promo,VIP Perks (0% off),0.0
005,0.8,0.6583333333333333,0.0083333333333333,0.9833333333333332,232064.46326719577,0.6899558414842535,1,Service-Only,New-Car Promo,VIP Perks (0% off),0.0
006,0.0083333333333333,0.8666666666666667,0.0,0.05,14099.53795168888,0.111631617953824,0,High-Value Buyers,Service Appointment,Accessory Bundle (~2% value),0.02
007,0.0083333333333333,0.05,0.0,1.0,3003.512141562297,0.1112204193089524,3,Potential New Buyers,Accessory Upsell,Referral Voucher,0.0
008,0.0666666666666666,0.0166666666666666,0.0416666666666666,0.9833333333333332,18819.75848692876,0.1349785061281084,0,High-Value Buyers,Accessory Upsell,3% Vehicle Discount / Free Service Pack,0.03
009,0.0166666666666666,0.0,0.0,1.0,4648.327245149912,0.1107578347022063,3,Potential New Buyers,Accessory Upsell,Accessory Bundle (~2% value),0.02
010,0.0333333333333333,0.9,0.0666666666666666,0.975,21524.92783207197,0.2108293713123664,0,High-Value Buyers,Service Appointment,3% Vehicle Discount / Free Service Pack,0.03
011,0.0083333333333333,0.025,0.0083333333333333,0.9916666666666668,2663.837882068626,0.1057996683300278,3,Potential New Buyers,Accessory Upsell,Referral Voucher,0.0
012,0.0333333333333333,0.0,0.0,0.0833333333333333,9296.654490299825,0.029849002737746,3,Potential New Buyers,Nurture Email,Accessory Bundle (~2% value),0.02
013,0.05,0.0,0.0,1.0,13944.981735449735,0.132273504106619,0,High-Value Buyers,Accessory Upsell,Accessory Bundle (~2% value),0.02
014,0.0083333333333333,0.0,0.15,0.975,2324.163622574956,0.0728789173511031,3,Potential New Buyers,Accessory Upsell,Referral Voucher,0.0
015,0.0333333333333333,0.025,0.05,0.95,9636.328749793494,0.1094364203833373,3,Potential New Buyers,Accessory Upsell,Accessory Bundle (~2% value),0.02
016,0.0,0.025,0.9,0.975,339.6742594936709,-0.0795792490210753,3,Potential New Buyers,Accessory Upsell,Referral Voucher,0.0
017,0.0166666666666666,0.0666666666666666,0.0,0.1,5554.125270466368,0.0285465039793387,3,Potential New Buyers,Nurture Email,Accessory Bundle (~2% value),0.02
018,0.8416666666666667,0.0916666666666666,0.0083333333333333,0.975,235985.99816488067,0.6498134060508108,1,Service-Only,New-Car Promo,VIP Perks (0% off),0.0
019,0.0666666666666666,0.0083333333333333,0.0,0.975,18706.5337337642,0.1415049224684669,0,High-Value Buyers,Accessory Upsell,3% Vehicle Discount / Free Service Pack,0.03
020,0.025,0.05,0.9,0.0166666666666666,7651.8393867122095,-0.1563550793221745,3,Potential New Buyers,Nurture Email,Accessory Bundle (~2% value),0.02
021,0.0,0.0,0.6166666666666667,0.975,0.0,-0.0258333333333333,3,Potential New Buyers,Accessory Upsell,Referral Voucher,0.0
022,0.0,0.025,0.0,0.9916666666666668,339.6742594936709,0.1020874176455913,3,Potential New Buyers,Accessory Upsell,Referral Voucher,0.0
023,0.0166666666666666,0.0,0.0,0.9916666666666668,4648.327245149912,0.109924501368873,3,Potential New Buyers,Accessory Upsell,Accessory Bundle (~2% value),0.02
024,0.0,0.0083333333333333,0.0,0.9916666666666668,113.22475316455694,0.1001402503263082,3,Potential New Buyers,Accessory Upsell,Referral Voucher,0.0
025,0.0333333333333333,0.0083333333333333,0.0,0.9916666666666668,9409.87924346438,0.1216559197307209,3,Potential New Buyers,Accessory Upsell,Accessory Bundle (~2% value),0.02
026,0.025,0.8333333333333334,0.05,0.9833333333333332,18294.966184180565,0.2018284513507975,0,High-Value Buyers,Service Appointment,3% Vehicle Discount / Free Service Pack,0.03
027,0.0416666666666666,0.0583333333333333,0.0416666666666666,0.9666666666666668,12413.391385026676,0.12204300570634,3,Potential New Buyers,Accessory Upsell,Accessory Bundle (~2% value),0.02
028,0.025,0.0333333333333333,0.8416666666666667,0.0416666666666666,7425.389880383095,-0.1441355799747909,3,Potential New Buyers,Nurture Email,Accessory Bundle (~2% value),0.02
029,0.0166666666666666,0.0083333333333333,0.025,0.0333333333333333,4761.551998314469,0.0100647516951812,3,Potential New Buyers,Nurture Email,Accessory Bundle (~2% value),0.02
030,0.475,0.0166666666666666,0.0,0.0416666666666666,132703.7759931016,0.3127121229988306,2,Trade-In Shoppers,Trade-In Offer,VIP Perks (0% off),0.0
031,0.0333333333333333,0.0083333333333333,0.0083333333333333,1.0,9409.87924346438,0.1208225863973875,3,Potential New Buyers,Accessory Upsell,Accessory Bundle (~2% value),0.02
032,0.0,0.0083333333333333,0.0416666666666666,0.0666666666666666,113.22475316455694,-0.0006930830070251,3,Potential New Buyers,Nurture Email,Referral Voucher,0.0
033,0.025,0.0083333333333333,0.7333333333333333,0.9833333333333332,7085.715620889425,-0.0312229976203822,3,Potential New Buyers,Accessory Upsell,Accessory Bundle (~2% value),0.02
034,0.0416666666666666,0.8166666666666667,0.0583333333333333,0.975,22716.84392300136,0.2081391187337207,0,High-Value Buyers,Service Appointment,3% Vehicle Discount / Free Service Pack,0.03
035,0.0,0.0,0.0083333333333333,1.0,0.0,0.0983333333333333,3,Potential New Buyers,Accessory Upsell,Referral Voucher,0.0
036,0.025,0.025,0.0083333333333333,0.9333333333333332,7312.165127218539,0.1107241696989008,3,Potential New Buyers,Accessory Upsell,Accessory Bundle (~2% value),0.02
037,0.025,0.0166666666666666,0.0,0.9583333333333334,7198.940374053982,0.1139172527059259,3,Potential New Buyers,Accessory Upsell,Accessory Bundle (~2% value),0.02
038,0.1083333333333333,0.1916666666666666,0.0,0.9583333333333334,32818.29641625924,0.1881516830694301,0,High-Value Buyers,Accessory Upsell,3% Vehicle Discount / Free Service Pack,0.03
039,0.025,0.0083333333333333,0.0,0.9666666666666668,7085.715620889425,0.1137770023796177,3,Potential New Buyers,Accessory Upsell,Accessory Bundle (~2% value),0.02
040,0.0833333333333333,0.1416666666666666,0.875,0.9833333333333332,25166.457029547026,-0.0063265709417286,0,High-Value Buyers,Accessory Upsell,3% Vehicle Discount / Free Service Pack,0.03
041,0.0,0.025,0.0916666666666666,0.9666666666666668,339.6742594936709,0.0812540843122579,3,Potential New Buyers,Accessory Upsell,Referral Voucher,0.0
042,0.0,0.05,0.0166666666666666,0.0416666666666666,679.3485189873418,0.0066748352911826,3,Potential New Buyers,Nurture Email,Referral Voucher,0.0
043,0.0166666666666666,0.0,0.9083333333333332,0.9833333333333332,4648.327245149912,-0.0725754986311269,3,Potential New Buyers,Accessory Upsell,Accessory Bundle (~2% value),0.02
044,0.0166666666666666,0.9,0.0083333333333333,0.9666666666666668,16876.60058692206,0.2109048699434934,0,High-Value Buyers,Service Appointment,3% Vehicle Discount / Free Service Pack,0.03
045,0.0,0.0416666666666666,0.0083333333333333,0.9583333333333334,566.1237658227847,0.0990345849648744,3,Potential New Buyers,Accessory Upsell,Referral Voucher,0.0
046,0.8333333333333334,0.0666666666666666,0.0166666666666666,0.975,233322.16028281205,0.6398470710541164,1,Service-Only,New-Car Promo,VIP Perks (0% off),0.0
047,0.0333333333333333,0.0666666666666666,0.0,0.0,10202.452515616278,0.029304338681545,3,Potential New Buyers,Nurture Email,Accessory Bundle (~2% value),0.02
048,0.0,0.0083333333333333,0.825,0.9916666666666668,113.22475316455694,-0.0648597496736917,3,Potential New Buyers,Accessory Upsell,Referral Voucher,0.0
049,0.025,0.025,0.0916666666666666,0.9833333333333332,7312.165127218539,0.0990575030322341,3,Potential New Buyers,Accessory Upsell,Accessory Bundle (~2% value),0.02
050,0.1083333333333333,0.0083333333333333,0.0166666666666666,0.975,30327.351846638983,0.1650661758906494,0,High-Value Buyers,Accessory Upsell,3% Vehicle Discount / Free Service Pack,0.03
051,0.0333333333333333,0.0083333333333333,0.8833333333333333,0.9333333333333332,9409.87924346438,-0.060844080269279,3,Potential New Buyers,Accessory Upsell,Accessory Bundle (~2% value),0.02
052,0.0166666666666666,0.8666666666666667,0.0416666666666666,0.9333333333333332,16423.701574263836,0.1970105353049272,0,High-Value Buyers,Service Appointment,3% Vehicle Discount / Free Service Pack,0.03
053,0.0083333333333333,0.0416666666666666,0.0,0.9916666666666668,2890.2873883977404,0.1094135023159775,3,Potential New Buyers,Accessory Upsell,Referral Voucher,0.0
054,0.125,0.8583333333333333,0.0083333333333333,0.0166666666666666,46524.6039145737,0.1809628772096269,0,High-Value Buyers,Service Appointment,VIP Perks (0% off),0.0
055,0.8166666666666667,0.0333333333333333,0.0083333333333333,0.0666666666666666,228220.9340250039,0.5360282350466771,1,Service-Only,New-Car Promo,VIP Perks (0% off),0.0
056,0.0333333333333333,0.0166666666666666,0.0,0.9833333333333332,9523.103996628935,0.1217961700570291,3,Potential New Buyers,Accessory Upsell,Accessory Bundle (~2% value),0.02
057,0.0333333333333333,0.1333333333333333,0.175,0.9166666666666666,11108.250540932737,0.0937596746253441,3,Potential New Buyers,Accessory Upsell,Accessory Bundle (~2% value),0.02
058,0.075,0.6416666666666667,0.1166666666666666,0.9916666666666668,29635.77859684549,0.199209531285661,0,High-Value Buyers,Service Appointment,3% Vehicle Discount / Free Service Pack,0.03
059,0.0666666666666666,0.125,0.1166666666666666,0.9666666666666668,20291.680278068,0.1309684270367819,0,High-Value Buyers,Accessory Upsell,3% Vehicle Discount / Free Service Pack,0.03
060,0.1666666666666666,0.8166666666666667,0.0583333333333333,0.9583333333333334,57579.29826162569,0.2871562123336016,0,High-Value Buyers,Service Appointment,VIP Perks (0% off),0.0
061,0.0583333333333333,0.925,0.0,0.975,28837.092959290512,0.2432202076779339,0,High-Value Buyers,Service Appointment,3% Vehicle Discount / Free Service Pack,0.03
062,0.0166666666666666,0.1083333333333333,0.0,1.0,6120.249036289152,0.1234144222775464,3,Potential New Buyers,Accessory Upsell,Accessory Bundle (~2% value),0.02
063,0.0166666666666666,0.0,0.0083333333333333,0.975,4648.327245149912,0.1065911680355396,3,Potential New Buyers,Accessory Upsell,Accessory Bundle (~2% value),0.02
064,0.0,0.0,0.0,0.975,0.0,0.0975,3,Potential New Buyers,Accessory Upsell,Referral Voucher,0.0
065,0.0,0.025,0.0,0.0333333333333333,339.6742594936709,0.0062540843122579,3,Potential New Buyers,Nurture Email,Referral Voucher,0.0
066,0.0166666666666666,0.6333333333333333,0.0333333333333333,0.9666666666666668,13253.40848565624,0.1747501928349639,3,Potential New Buyers,Service Appointment,Accessory Bundle (~2% value),0.02
067,0.0166666666666666,0.0916666666666666,0.85,0.025,5893.799529960038,-0.1460327450417366,3,Potential New Buyers,Nurture Email,Accessory Bundle (~2% value),0.02
068,0.0166666666666666,0.025,0.0083333333333333,0.9833333333333332,4988.001504643582,0.1103452523477976,3,Potential New Buyers,Accessory Upsell,Accessory Bundle (~2% value),0.02
069,0.075,0.8666666666666667,0.1083333333333333,1.0,32692.84693228853,0.2279962900959827,0,High-Value Buyers,Service Appointment,3% Vehicle Discount / Free Service Pack,0.03
070,0.0333333333333333,0.0,0.0,0.9833333333333332,9296.654490299825,0.119849002737746,3,Potential New Buyers,Accessory Upsell,Accessory Bundle (~2% value),0.02
071,0.0,0.0083333333333333,0.0,0.9916666666666668,113.22475316455694,0.1001402503263082,3,Potential New Buyers,Accessory Upsell,Referral Voucher,0.0
072,0.1583333333333333,0.1583333333333333,0.025,0.1416666666666666,46310.37913905074,0.1298641858708163,0,High-Value Buyers,Trade-In Offer,VIP Perks (0% off),0.0
073,0.0083333333333333,0.0416666666666666,0.85,0.05,2890.2873883977404,-0.1547531643506891,3,Potential New Buyers,Nurture Email,Referral Voucher,0.0
074,0.0,0.7083333333333334,0.0083333333333333,0.9833333333333332,9624.10401898734,0.1794212777361981,3,Potential New Buyers,Service Appointment,Accessory Bundle (~2% value),0.02
075,0.0083333333333333,0.0083333333333333,0.025,0.9833333333333332,2437.388375739513,0.099685834344078,3,Potential New Buyers,Accessory Upsell,Referral Voucher,0.0
076,0.0083333333333333,0.9083333333333332,0.0166666666666666,0.9916666666666668,14665.661717511664,0.2073328695853651,0,High-Value Buyers,Service Appointment,3% Vehicle Discount / Free Service Pack,0.03
077,0.75,0.0333333333333333,0.0,1.0,209627.62504440424,0.5879968962378517,1,Service-Only,New-Car Promo,VIP Perks (0% off),0.0
078,0.0166666666666666,0.05,0.0,0.0166666666666666,5327.675764137253,0.0182660033267222,3,Potential New Buyers,Nurture Email,Accessory Bundle (~2% value),0.02
079,0.0416666666666666,0.0333333333333333,0.0083333333333333,0.975,12073.717125533009,0.1266222547274154,3,Potential New Buyers,Accessory Upsell,Accessory Bundle (~2% value),0.02
080,0.025,0.6833333333333333,0.0,0.0333333333333333,16256.920627218538,0.0993039454772496,0,High-Value Buyers,Service Appointment,3% Vehicle Discount / Free Service Pack,0.03
081,0.025,0.2,0.0083333333333333,0.975,9689.884943674237,0.1353360932180399,3,Potential New Buyers,Accessory Upsell,Accessory Bundle (~2% value),0.02
082,0.0333333333333333,0.0333333333333333,0.0083333333333333,0.9833333333333332,9749.553502958051,0.1220766707096455,3,Potential New Buyers,Accessory Upsell,Accessory Bundle (~2% value),0.02
083,0.8833333333333333,0.0833333333333333,0.225,0.975,247493.5915245909,0.6258333333333332,1,Service-Only,New-Car Promo,VIP Perks (0% off),0.0
084,0.825,0.0,0.0,0.9583333333333334,230092.1986349206,0.6283461510925474,1,Service-Only,New-Car Promo,VIP Perks (0% off),0.0
085,0.0583333333333333,0.0666666666666666,0.0333333333333333,1.0,17174.943383341146,0.1387744240681879,0,High-Value Buyers,Accessory Upsell,3% Vehicle Discount / Free Service Pack,0.03
086,0.025,0.025,0.025,0.9916666666666668,7312.165127218539,0.1132241696989008,3,Potential New Buyers,Accessory Upsell,Accessory Bundle (~2% value),0.02
087,0.0166666666666666,0.0083333333333333,0.0083333333333333,1.0,4761.551998314469,0.1100647516951812,3,Potential New Buyers,Accessory Upsell,Accessory Bundle (~2% value),0.02
088,0.0333333333333333,0.1583333333333333,0.0833333333333333,0.9666666666666668,11447.924800426405,0.120013758937602,3,Potential New Buyers,Accessory Upsell,Accessory Bundle (~2% value),0.02
089,0.0333333333333333,0.0166666666666666,0.05,0.925,9523.103996628935,0.1059628367236958,3,Potential New Buyers,Accessory Upsell,Accessory Bundle (~2% value),0.02
090,0.0166666666666666,0.025,0.0,1.0,4988.001504643582,0.113678585681131,3,Potential New Buyers,Accessory Upsell,Accessory Bundle (~2% value),0.02
091,0.0583333333333333,0.0583333333333333,0.0083333333333333,0.9833333333333332,17061.71863017659,0.1411341737418797,0,High-Value Buyers,Accessory Upsell,3% Vehicle Discount / Free Service Pack,0.03
092,0.0166666666666666,0.825,0.0083333333333333,0.9916666666666668,15857.577808441049,0.2046426170067194,0,High-Value Buyers,Service Appointment,3% Vehicle Discount / Free Service Pack,0.03
093,0.0083333333333333,0.0083333333333333,0.0166666666666666,1.0,2437.388375739513,0.1030191676774113,3,Potential New Buyers,Accessory Upsell,Referral Voucher,0.0
094,0.0,0.0666666666666666,0.0083333333333333,0.9666666666666668,905.7980253164556,0.1027886692771323,3,Potential New Buyers,Accessory Upsell,Referral Voucher,0.0
095,0.025,0.0,0.0083333333333333,0.9833333333333332,6972.490867724868,0.1128034187199761,3,Potential New Buyers,Accessory Upsell,Accessory Bundle (~2% value),0.02
096,0.0083333333333333,0.0083333333333333,0.05,0.9916666666666668,2437.388375739513,0.0955191676774113,3,Potential New Buyers,Accessory Upsell,Referral Voucher,0.0
097,0.0333333333333333,0.0666666666666666,0.025,0.975,10202.452515616278,0.121804338681545,3,Potential New Buyers,Accessory Upsell,Accessory Bundle (~2% value),0.02
098,0.05,0.1083333333333333,0.0166666666666666,1.0,15416.903526588976,0.1415967583486258,0,High-Value Buyers,Accessory Upsell,3% Vehicle Discount / Free Service Pack,0.03
099,0.0583333333333333,0.85,0.1166666666666666,0.95,27818.070180809496,0.2086246214078266,0,High-Value Buyers,Service Appointment,3% Vehicle Discount / Free Service Pack,0.03
100,0.0083333333333333,0.025,0.625,0.9833333333333332,2663.837882068626,-0.0183669983366388,3,Potential New Buyers,Accessory Upsell,Referral Voucher,0.0
101,0.0083333333333333,0.8916666666666667,0.025,0.9583333333333334,14439.21221118255,0.200385702266082,0,High-Value Buyers,Service Appointment,3% Vehicle Discount / Free Service Pack,0.03
102,0.025,0.0,0.0083333333333333,0.9666666666666668,6972.490867724868,0.1111367520533095,3,Potential New Buyers,Accessory Upsell,Accessory Bundle (~2% value),0.02
103,0.0,0.0583333333333333,0.0083333333333333,0.9916666666666668,792.5732721518987,0.1043150856174908,3,Potential New Buyers,Accessory Upsell,Referral Voucher,0.0
104,0.875,0.05,0.0166666666666666,0.9833333333333332,244716.5288893577,0.6625,1,Service-Only,New-Car Promo,VIP Perks (0% off),0.0
105,0.0083333333333333,0.0,0.05,0.9916666666666668,2324.163622574956,0.0945455840177698,3,Potential New Buyers,Accessory Upsell,Referral Voucher,0.0
106,0.0083333333333333,0.0,0.0,0.9916666666666668,2324.163622574956,0.1045455840177698,3,Potential New Buyers,Accessory Upsell,Referral Voucher,0.0
107,0.0166666666666666,0.0083333333333333,0.0166666666666666,0.9833333333333332,4761.551998314469,0.1067314183618479,3,Potential New Buyers,Accessory Upsell,Accessory Bundle (~2% value),0.02
108,0.0333333333333333,0.2166666666666666,0.0,0.925,12240.498072578304,0.1393288445550929,3,Potential New Buyers,Accessory Upsell,Accessory Bundle (~2% value),0.02
109,0.0,0.0,0.8833333333333333,0.9916666666666668,0.0,-0.0774999999999999,3,Potential New Buyers,Accessory Upsell,Referral Voucher,0.0
110,0.8333333333333334,0.0083333333333333,0.0083333333333333,0.975,232529.58701066015,0.6346986521032922,1,Service-Only,New-Car Promo,VIP Perks (0% off),0.0
111,0.0,0.0083333333333333,0.0416666666666666,0.9833333333333332,113.22475316455694,0.0909735836596415,3,Potential New Buyers,Accessory Upsell,Referral Voucher,0.0
112,0.0833333333333333,0.875,0.0,0.0583333333333333,35130.23530802804,0.1618487911067274,0,High-Value Buyers,Service Appointment,VIP Perks (0% off),0.0
113,0.05,0.0666666666666666,0.15,0.0416666666666666,14850.77976076619,0.014228840050418,0,High-Value Buyers,Nurture Email,3% Vehicle Discount / Free Service Pack,0.03
114,0.0083333333333333,0.875,0.0,0.9833333333333332,14212.762704853434,0.2059385349467989,0,High-Value Buyers,Service Appointment,Accessory Bundle (~2% value),0.02
115,0.1083333333333333,0.0166666666666666,0.0083333333333333,1.0,30440.576599803542,0.1702064262169577,0,High-Value Buyers,Accessory Upsell,3% Vehicle Discount / Free Service Pack,0.03
116,0.8583333333333333,0.05,0.0583333333333333,0.9833333333333332,240068.2016442078,0.6465366557881427,1,Service-Only,New-Car Promo,VIP Perks (0% off),0.0
117,0.025,0.7,0.0166666666666666,0.9833333333333332,16483.37013354765,0.1929177794631994,0,High-Value Buyers,Service Appointment,3% Vehicle Discount / Free Service Pack,0.03
118,0.0,0.0083333333333333,0.0,0.975,113.22475316455694,0.0984735836596415,3,Potential New Buyers,Accessory Upsell,Referral Voucher,0.0
119,0.0166666666666666,0.0,0.0,1.0,4648.327245149912,0.1107578347022063,3,Potential New Buyers,Accessory Upsell,Accessory Bundle (~2% value),0.02
120,0.0583333333333333,0.05,0.1333333333333333,0.125,16948.49387701203,0.0293272567489048,0,High-Value Buyers,Trade-In Offer,3% Vehicle Discount / Free Service Pack,0.03
121,0.0,0.1916666666666666,0.0083333333333333,0.9833333333333332,2604.16932278481,0.1190590908384222,3,Potential New Buyers,Accessory Upsell,Referral Voucher,0.0
122,0.0333333333333333,0.75,0.6166666666666667,0.0916666666666666,19486.88227510995,-0.0050284678945147,0,High-Value Buyers,Service Appointment,3% Vehicle Discount / Free Service Pack,0.03
123,0.0,0.0,0.0,0.9916666666666668,0.0,0.0991666666666666,3,Potential New Buyers,Accessory Upsell,Referral Voucher,0.0
124,0.0,0.9,0.0,0.9833333333333332,12228.27334177215,0.2034803685746204,3,Potential New Buyers,Service Appointment,Accessory Bundle (~2% value),0.02
125,0.0083333333333333,0.175,0.0833333333333333,0.9666666666666668,4701.883439030651,0.1058241742035756,3,Potential New Buyers,Accessory Upsell,Accessory Bundle (~2% value),0.02
126,0.0,0.0,0.0,1.0,0.0,0.1,3,Potential New Buyers,Accessory Upsell,Referral Voucher,0.0
127,0.0083333333333333,0.175,0.0416666666666666,1.0,4701.883439030651,0.1174908408702423,3,Potential New Buyers,Accessory Upsell,Accessory Bundle (~2% value),0.02
128,0.5166666666666667,0.7416666666666667,0.9083333333333332,0.975,154175.14763129287,0.3359751548098277,2,Trade-In Shoppers,Service Appointment,VIP Perks (0% off),0.0
129,0.0333333333333333,0.0083333333333333,0.0,0.0416666666666666,9409.87924346438,0.0266559197307209,3,Potential New Buyers,Nurture Email,Accessory Bundle (~2% value),0.02
130,0.0083333333333333,0.0083333333333333,0.65,0.9583333333333334,2437.388375739513,-0.0278141656559219,3,Potential New Buyers,Accessory Upsell,Referral Voucher,0.0
131,0.0083333333333333,0.0,0.0916666666666666,0.975,2324.163622574956,0.0845455840177698,3,Potential New Buyers,Accessory Upsell,Referral Voucher,0.0
132,0.0,0.0,0.0166666666666666,0.9833333333333332,0.0,0.095,3,Potential New Buyers,Accessory Upsell,Referral Voucher,0.0
133,0.0083333333333333,0.0166666666666666,0.0,0.05,2550.613128904069,0.0123260846703862,3,Potential New Buyers,Nurture Email,Referral Voucher,0.0
134,0.0166666666666666,0.0333333333333333,0.0166666666666666,0.9666666666666668,5101.226257808139,0.1079855026741058,3,Potential New Buyers,Accessory Upsell,Accessory Bundle (~2% value),0.02
135,0.0083333333333333,0.0083333333333333,0.0,0.0166666666666666,2437.388375739513,0.0080191676774113,3,Potential New Buyers,Nurture Email,Referral Voucher,0.0
136,0.0166666666666666,0.0416666666666666,0.8166666666666667,0.025,5214.451010972696,-0.1452075803329192,3,Potential New Buyers,Nurture Email,Accessory Bundle (~2% value),0.02
137,0.5916666666666667,0.0166666666666666,0.0,0.975,165242.06670915097,0.4813502992476083,2,Trade-In Shoppers,Accessory Upsell,VIP Perks (0% off),0.0
138,0.0166666666666666,0.0833333333333333,0.9,0.95,5780.574776795481,-0.0645063287013782,3,Potential New Buyers,Accessory Upsell,Accessory Bundle (~2% value),0.02
139,0.0,0.0083333333333333,0.025,0.0083333333333333,113.22475316455694,-0.0031930830070251,3,Potential New Buyers,Nurture Email,Referral Voucher,0.0
140,0.0083333333333333,0.0166666666666666,0.0083333333333333,0.0083333333333333,2550.613128904069,0.0064927513370529,3,Potential New Buyers,Nurture Email,Referral Voucher,0.0
141,0.0,0.0083333333333333,0.0,0.9833333333333332,113.22475316455694,0.0993069169929748,3,Potential New Buyers,Accessory Upsell,Referral Voucher,0.0
142,0.025,0.6333333333333333,0.0,1.0,15577.572108231196,0.190129110186067,0,High-Value Buyers,Service Appointment,3% Vehicle Discount / Free Service Pack,0.03
143,0.0,0.875,0.05,1.0,11888.59908227848,0.1922262842623624,3,Potential New Buyers,Service Appointment,Accessory Bundle (~2% value),0.02
144,0.0083333333333333,0.0083333333333333,0.0,0.025,2437.388375739513,0.0088525010107447,3,Potential New Buyers,Nurture Email,Referral Voucher,0.0
145,0.0,0.7166666666666667,0.075,0.9166666666666666,9737.328772151895,0.1603948613958397,3,Potential New Buyers,Service Appointment,Accessory Bundle (~2% value),0.02
146,0.0,0.0,0.0083333333333333,0.9916666666666668,0.0,0.0975,3,Potential New Buyers,Accessory Upsell,Referral Voucher,0.0
147,0.0083333333333333,0.075,0.0166666666666666,0.0916666666666666,3343.1864010559684,0.0199745036212104,3,Potential New Buyers,Nurture Email,Accessory Bundle (~2% value),0.02
148,0.05,0.65,0.0,0.025,22776.51248228518,0.1107130295586596,0,High-Value Buyers,Service Appointment,3% Vehicle Discount / Free Service Pack,0.03
149,0.0,0.0,0.0166666666666666,0.9916666666666668,0.0,0.0958333333333333,3,Potential New Buyers,Accessory Upsell,Referral Voucher,0.0
150,0.125,0.0583333333333333,0.1166666666666666,0.9833333333333332,35655.02761077624,0.1624988458840384,0,High-Value Buyers,Accessory Upsell,VIP Perks (0% off),0.0
151,0.0,0.0083333333333333,0.8666666666666667,0.9833333333333332,113.22475316455694,-0.0740264163403584,3,Potential New Buyers,Accessory Upsell,Referral Voucher,0.0
152,0.0083333333333333,0.0,0.0416666666666666,0.975,2324.163622574956,0.0945455840177698,3,Potential New Buyers,Accessory Upsell,Referral Voucher,0.0
153,0.025,0.0416666666666666,0.0,0.05,7538.614633547652,0.0260046703515172,3,Potential New Buyers,Nurture Email,Accessory Bundle (~2% value),0.02
154,0.025,0.05,0.0,0.9833333333333332,7651.8393867122095,0.1203115873444921,3,Potential New Buyers,Accessory Upsell,Accessory Bundle (~2% value),0.02
155,0.0,0.0,0.0083333333333333,0.95,0.0,0.0933333333333333,3,Potential New Buyers,Accessory Upsell,Referral Voucher,0.0
156,0.5583333333333333,0.8333333333333334,0.0,1.0,167041.43802897775,0.5577458284880673,2,Trade-In Shoppers,Service Appointment,VIP Perks (0% off),0.0
157,0.0,0.05,0.025,0.1083333333333333,679.3485189873418,0.0116748352911826,3,Potential New Buyers,Nurture Email,Referral Voucher,0.0
158,0.025,0.0583333333333333,0.8333333333333334,0.9833333333333332,7765.064139876767,-0.045381495662533,3,Potential New Buyers,Accessory Upsell,Accessory Bundle (~2% value),0.02
159,0.0333333333333333,0.1416666666666666,0.1083333333333333,0.9583333333333334,11221.47529409729,0.1122332582849856,3,Potential New Buyers,Accessory Upsell,Accessory Bundle (~2% value),0.02
160,0.0,0.0,0.075,1.0,0.0,0.085,3,Potential New Buyers,Accessory Upsell,Referral Voucher,0.0
161,0.0583333333333333,0.2583333333333333,0.025,0.975,19779.11270612596,0.1603335149066101,0,High-Value Buyers,Accessory Upsell,3% Vehicle Discount / Free Service Pack,0.03
162,0.025,0.0333333333333333,0.0,1.0,7425.389880383095,0.1200310866918757,3,Potential New Buyers,Accessory Upsell,Accessory Bundle (~2% value),0.02
163,0.0,0.9,0.0083333333333333,0.975,12228.27334177215,0.2009803685746204,3,Potential New Buyers,Service Appointment,Accessory Bundle (~2% value),0.02
164,0.0083333333333333,0.0666666666666666,0.0083333333333333,0.9583333333333334,3229.9616478914118,0.1073342532949022,3,Potential New Buyers,Accessory Upsell,Referral Voucher,0.0
165,0.025,0.8916666666666667,0.0,0.0583333333333333,19087.539456332463,0.1261435369682883,0,High-Value Buyers,Service Appointment,3% Vehicle Discount / Free Service Pack,0.03
166,0.0,0.0333333333333333,0.8833333333333333,1.0,452.8990126582278,-0.0727723320281004,3,Potential New Buyers,Accessory Upsell,Referral Voucher,0.0
167,0.0,0.0,0.0,0.9916666666666668,0.0,0.0991666666666666,3,Potential New Buyers,Accessory Upsell,Referral Voucher,0.0
168,0.1166666666666666,0.05,0.0,0.975,33217.639235036724,0.1786463448732937,0,High-Value Buyers,Accessory Upsell,VIP Perks (0% off),0.0
169,0.025,0.05,0.0,0.95,7651.8393867122095,0.1169782540111588,3,Potential New Buyers,Accessory Upsell,Accessory Bundle (~2% value),0.02
170,0.0083333333333333,0.075,0.0916666666666666,0.9666666666666668,3343.1864010559684,0.0924745036212104,3,Potential New Buyers,Accessory Upsell,Accessory Bundle (~2% value),0.02
171,0.0333333333333333,0.875,0.0,0.0416666666666666,21185.253572578305,0.1279086203334417,0,High-Value Buyers,Service Appointment,3% Vehicle Discount / Free Service Pack,0.03
172,0.45,0.7083333333333334,0.0083333333333333,0.9416666666666668,135128.93963803496,0.4657161480291027,2,Trade-In Shoppers,Service Appointment,VIP Perks (0% off),0.0
173,0.0083333333333333,0.0083333333333333,0.7916666666666666,0.9916666666666668,2437.388375739513,-0.0528141656559219,3,Potential New Buyers,Accessory Upsell,Referral Voucher,0.0
174,0.0083333333333333,0.825,0.0083333333333333,0.9916666666666668,13533.414185866091,0.1992636996556163,0,High-Value Buyers,Service Appointment,Accessory Bundle (~2% value),0.02
175,0.0416666666666666,0.0333333333333333,0.0166666666666666,0.975,12073.717125533009,0.1249555880607487,3,Potential New Buyers,Accessory Upsell,Accessory Bundle (~2% value),0.02
176,0.0166666666666666,0.0416666666666666,0.0083333333333333,1.0,5214.451010972696,0.1139590863337474,3,Potential New Buyers,Accessory Upsell,Accessory Bundle (~2% value),0.02
177,0.0166666666666666,0.0333333333333333,0.0166666666666666,0.05,5101.226257808139,0.0163188360074392,3,Potential New Buyers,Nurture Email,Accessory Bundle (~2% value),0.02
178,0.0916666666666666,0.05,0.025,0.9833333333333332,26245.148367311856,0.1583429261533175,0,High-Value Buyers,Accessory Upsell,3% Vehicle Discount / Free Service Pack,0.03
179,0.05,0.0,0.0,0.0416666666666666,13944.981735449735,0.0364401707732857,0,High-Value Buyers,Nurture Email,Accessory Bundle (~2% value),0.02
180,0.0916666666666666,0.05,0.0,0.125,26245.148367311856,0.0775095928199841,0,High-Value Buyers,Trade-In Offer,3% Vehicle Discount / Free Service Pack,0.03
181,0.0,0.0416666666666666,0.0083333333333333,0.95,566.1237658227847,0.098201251631541,3,Potential New Buyers,Accessory Upsell,Referral Voucher,0.0
182,0.0166666666666666,0.0,0.0583333333333333,0.9833333333333332,4648.327245149912,0.097424501368873,3,Potential New Buyers,Accessory Upsell,Accessory Bundle (~2% value),0.02
183,0.0583333333333333,0.025,0.0583333333333333,0.9833333333333332,16608.819617518362,0.1272398391033135,0,High-Value Buyers,Accessory Upsell,3% Vehicle Discount / Free Service Pack,0.03
184,0.0083333333333333,0.0,0.0166666666666666,0.975,2324.163622574956,0.0995455840177698,3,Potential New Buyers,Accessory Upsell,Referral Voucher,0.0
185,0.0083333333333333,0.1583333333333333,0.1083333333333333,0.025,4475.433932701538,0.0047103402176258,3,Potential New Buyers,Nurture Email,Accessory Bundle (~2% value),0.02
186,0.0166666666666666,0.8666666666666667,0.0333333333333333,0.9833333333333332,16423.701574263836,0.2036772019715939,0,High-Value Buyers,Service Appointment,3% Vehicle Discount / Free Service Pack,0.03
187,0.8333333333333334,0.6916666666666667,0.0083333333333333,0.0333333333333333,241814.01677015383,0.6203658455272324,1,Service-Only,New-Car Promo,VIP Perks (0% off),0.0
188,0.05,0.05,0.0333333333333333,0.975,14624.330254437078,0.1289483393978016,0,High-Value Buyers,Accessory Upsell,3% Vehicle Discount / Free Service Pack,0.03
189,0.0166666666666666,0.0166666666666666,0.0583333333333333,0.0583333333333333,4874.776751479026,0.0068716686881561,3,Potential New Buyers,Nurture Email,Accessory Bundle (~2% value),0.02
190,0.0583333333333333,0.025,0.0,0.1166666666666666,16608.819617518362,0.0522398391033135,0,High-Value Buyers,Trade-In Offer,3% Vehicle Discount / Free Service Pack,0.03
191,0.0166666666666666,0.0833333333333333,0.05,0.975,5780.574776795481,0.1079936712986218,3,Potential New Buyers,Accessory Upsell,Accessory Bundle (~2% value),0.02
192,0.0166666666666666,0.075,0.0,0.975,5667.350023630924,0.1170200876389802,3,Potential New Buyers,Accessory Upsell,Accessory Bundle (~2% value),0.02
193,0.025,0.025,0.0083333333333333,0.9833333333333332,7312.165127218539,0.1157241696989008,3,Potential New Buyers,Accessory Upsell,Accessory Bundle (~2% value),0.02
194,0.0,0.125,0.0,0.975,1698.3712974683542,0.1121037548946232,3,Potential New Buyers,Accessory Upsell,Referral Voucher,0.0
195,0.0,0.0166666666666666,0.0083333333333333,0.025,226.4495063291139,0.0027805006526164,3,Potential New Buyers,Nurture Email,Referral Voucher,0.0
196,0.0666666666666666,0.05,0.0,0.9916666666666668,19272.65749958699,0.1480395074333413,0,High-Value Buyers,Accessory Upsell,3% Vehicle Discount / Free Service Pack,0.03
197,0.9,0.0833333333333333,0.05,0.9833333333333332,252141.9187697408,0.6666666666666667,1,Service-Only,New-Car Promo,VIP Perks (0% off),0.0
198,0.0083333333333333,0.1833333333333333,0.0,0.9833333333333332,4815.108192195208,0.1251310911965505,3,Potential New Buyers,Accessory Upsell,Accessory Bundle (~2% value),0.02
199,0.0083333333333333,0.1,0.0083333333333333,0.9916666666666668,3682.8606605496393,0.1145619212668017,3,Potential New Buyers,Accessory Upsell,Accessory Bundle (~2% value),0.02
200,0.0,0.0916666666666666,0.0166666666666666,0.975,1245.4722848101264,0.1048760869227236,3,Potential New Buyers,Accessory Upsell,Referral Voucher,0.0
201,0.025,0.0,0.0583333333333333,1.0,6972.490867724868,0.1044700853866428,3,Potential New Buyers,Accessory Upsell,Accessory Bundle (~2% value),0.02
202,0.0083333333333333,0.0,0.0583333333333333,1.0,2324.163622574956,0.0937122506844365,3,Potential New Buyers,Accessory Upsell,Referral Voucher,0.0
203,0.0,0.025,0.0583333333333333,0.95,339.6742594936709,0.0862540843122579,3,Potential New Buyers,Accessory Upsell,Referral Voucher,0.0
204,0.0,0.0,0.0416666666666666,0.9583333333333334,0.0,0.0875,3,Potential New Buyers,Accessory Upsell,Referral Voucher,0.0
205,0.0083333333333333,0.0166666666666666,0.0083333333333333,0.975,2550.613128904069,0.1031594180037196,3,Potential New Buyers,Accessory Upsell,Referral Voucher,0.0
206,0.0166666666666666,0.0416666666666666,0.0083333333333333,0.9916666666666668,5214.451010972696,0.1131257530004141,3,Potential New Buyers,Accessory Upsell,Accessory Bundle (~2% value),0.02
207,0.0666666666666666,0.3166666666666666,0.9083333333333332,0.0333333333333333,22895.84960085281,-0.0983058154581291,0,High-Value Buyers,Trade-In Offer,3% Vehicle Discount / Free Service Pack,0.03
208,0.025,0.0083333333333333,0.0583333333333333,0.9833333333333332,7085.715620889425,0.1037770023796177,3,Potential New Buyers,Accessory Upsell,Accessory Bundle (~2% value),0.02
209,0.05,0.0083333333333333,0.0166666666666666,0.0416666666666666,14058.206488614293,0.0340804210995939,0,High-Value Buyers,Nurture Email,Accessory Bundle (~2% value),0.02
210,0.025,0.8583333333333333,0.05,0.9416666666666668,18634.64044367423,0.2005825356630554,0,High-Value Buyers,Service Appointment,3% Vehicle Discount / Free Service Pack,0.03
211,0.0166666666666666,0.0083333333333333,0.0166666666666666,0.9916666666666668,4761.551998314469,0.1075647516951812,3,Potential New Buyers,Accessory Upsell,Accessory Bundle (~2% value),0.02
212,0.025,0.025,0.0416666666666666,0.975,7312.165127218539,0.1082241696989008,3,Potential New Buyers,Accessory Upsell,Accessory Bundle (~2% value),0.02
213,0.0,0.0083333333333333,0.1833333333333333,0.9916666666666668,113.22475316455694,0.0634735836596415,3,Potential New Buyers,Accessory Upsell,Referral Voucher,0.0
214,0.0,0.0083333333333333,0.025,0.9916666666666668,113.22475316455694,0.0951402503263082,3,Potential New Buyers,Accessory Upsell,Referral Voucher,0.0
215,0.0083333333333333,0.825,0.025,0.0166666666666666,13533.414185866091,0.0984303663222829,0,High-Value Buyers,Service Appointment,Accessory Bundle (~2% value),0.02
216,0.025,0.0083333333333333,0.0083333333333333,0.975,7085.715620889425,0.1129436690462844,3,Potential New Buyers,Accessory Upsell,Accessory Bundle (~2% value),0.02
217,0.0166666666666666,0.05,0.8916666666666667,0.95,5327.675764137253,-0.0667339966732777,3,Potential New Buyers,Accessory Upsell,Accessory Bundle (~2% value),0.02
218,0.5833333333333334,0.0083333333333333,0.0166666666666666,0.95,162804.6783334115,0.4691644649035303,2,Trade-In Shoppers,Accessory Upsell,VIP Perks (0% off),0.0
219,0.8666666666666667,0.0333333333333333,0.0083333333333333,0.9833333333333332,242165.91576045364,0.6599684058199629,1,Service-Only,New-Car Promo,VIP Perks (0% off),0.0
220,0.0166666666666666,0.075,0.1,0.025,5667.350023630924,0.0020200876389802,3,Potential New Buyers,Nurture Email,Accessory Bundle (~2% value),0.02
221,0.0,0.0333333333333333,0.0333333333333333,1.0,452.8990126582278,0.0972276679718995,3,Potential New Buyers,Accessory Upsell,Referral Voucher,0.0
222,0.0166666666666666,0.0,0.0,0.9916666666666668,4648.327245149912,0.109924501368873,3,Potential New Buyers,Accessory Upsell,Accessory Bundle (~2% value),0.02
223,0.025,0.0,0.0,1.0,6972.490867724868,0.1161367520533095,3,Potential New Buyers,Accessory Upsell,Accessory Bundle (~2% value),0.02
224,0.0083333333333333,0.9,0.0333333333333333,0.0083333333333333,14552.436964347104,0.1046926192590569,0,High-Value Buyers,Service Appointment,3% Vehicle Discount / Free Service Pack,0.03
225,0.0333333333333333,0.0583333333333333,0.875,0.9666666666666668,10089.22776245172,-0.0500025783114298,3,Potential New Buyers,Accessory Upsell,Accessory Bundle (~2% value),0.02
226,0.0083333333333333,0.0083333333333333,0.0166666666666666,0.1333333333333333,2437.388375739513,0.0163525010107447,3,Potential New Buyers,Nurture Email,Referral Voucher,0.0
227,0.0,0.0,0.0083333333333333,1.0,0.0,0.0983333333333333,3,Potential New Buyers,Accessory Upsell,Referral Voucher,0.0
228,0.025,0.0583333333333333,0.0,0.95,7765.064139876767,0.1179518376708003,3,Potential New Buyers,Accessory Upsell,Accessory Bundle (~2% value),0.02
229,0.0,0.075,0.0,0.9166666666666666,1019.0227784810124,0.1004289196034406,3,Potential New Buyers,Accessory Upsell,Referral Voucher,0.0
230,0.0333333333333333,0.1166666666666666,0.65,0.975,10881.80103460362,0.0026458406393943,3,Potential New Buyers,Accessory Upsell,Accessory Bundle (~2% value),0.02
231,0.0083333333333333,0.0,0.0416666666666666,0.9833333333333332,2324.163622574956,0.0953789173511031,3,Potential New Buyers,Accessory Upsell,Referral Voucher,0.0
232,0.0083333333333333,0.1083333333333333,0.025,0.9583333333333334,3796.085413714196,0.1088688382597766,3,Potential New Buyers,Accessory Upsell,Accessory Bundle (~2% value),0.02
233,0.0,0.0166666666666666,0.0083333333333333,0.9083333333333332,226.4495063291139,0.0911138339859497,3,Potential New Buyers,Accessory Upsell,Referral Voucher,0.0
234,0.075,0.0166666666666666,0.0083333333333333,0.0416666666666666,21143.92210950372,0.0528574234792116,0,High-Value Buyers,Trade-In Offer,3% Vehicle Discount / Free Service Pack,0.03
235,0.025,0.0083333333333333,0.025,0.975,7085.715620889425,0.109610335712951,3,Potential New Buyers,Accessory Upsell,Accessory Bundle (~2% value),0.02
236,0.0333333333333333,0.0,0.0,0.025,9296.654490299825,0.0240156694044126,3,Potential New Buyers,Nurture Email,Accessory Bundle (~2% value),0.02
237,0.0416666666666666,0.8833333333333333,0.0333333333333333,0.9833333333333332,23622.64194831781,0.2217611213441865,0,High-Value Buyers,Service Appointment,3% Vehicle Discount / Free Service Pack,0.03
238,0.025,0.0416666666666666,0.025,0.9416666666666668,7538.614633547652,0.1101713370181839,3,Potential New Buyers,Accessory Upsell,Accessory Bundle (~2% value),0.02
239,0.0333333333333333,0.1916666666666666,0.0083333333333333,1.0,11900.823813084631,0.1422414269095016,3,Potential New Buyers,Accessory Upsell,Accessory Bundle (~2% value),0.02
240,0.0,0.0083333333333333,0.0,0.1083333333333333,113.22475316455694,0.0118069169929748,3,Potential New Buyers,Nurture Email,Referral Voucher,0.0
241,0.025,0.0166666666666666,0.9,0.9666666666666668,7198.940374053982,-0.0652494139607407,3,Potential New Buyers,Accessory Upsell,Accessory Bundle (~2% value),0.02
242,0.0416666666666666,0.075,0.1416666666666666,1.0,12639.84089135579,0.1073235063589564,3,Potential New Buyers,Accessory Upsell,Accessory Bundle (~2% value),0.02
243,0.0,0.8583333333333333,0.0083333333333333,0.9916666666666668,11662.149575949365,0.1977791169430793,3,Potential New Buyers,Service Appointment,Accessory Bundle (~2% value),0.02
244,0.0,0.0,0.0083333333333333,0.075,0.0,0.0058333333333333,3,Potential New Buyers,Nurture Email,Referral Voucher,0.0
245,0.0083333333333333,0.875,0.025,0.9833333333333332,14212.762704853434,0.2009385349467989,0,High-Value Buyers,Service Appointment,Accessory Bundle (~2% value),0.02
246,0.025,0.0583333333333333,0.65,0.975,7765.064139876767,-0.0095481623291996,3,Potential New Buyers,Accessory Upsell,Accessory Bundle (~2% value),0.02
247,0.0,0.0083333333333333,0.0083333333333333,0.9666666666666668,113.22475316455694,0.0959735836596415,3,Potential New Buyers,Accessory Upsell,Referral Voucher,0.0
248,0.0583333333333333,0.8916666666666667,0.0,0.9833333333333332,28384.193946632287,0.240159206372701,0,High-Value Buyers,Service Appointment,3% Vehicle Discount / Free Service Pack,0.03
249,0.05,0.05,0.0666666666666666,0.0166666666666666,14624.330254437078,0.0264483393978016,0,High-Value Buyers,Nurture Email,3% Vehicle Discount / Free Service Pack,0.03
250,0.0083333333333333,0.925,0.025,0.9666666666666668,14892.111223840777,0.2051133702379815,0,High-Value Buyers,Service Appointment,3% Vehicle Discount / Free Service Pack,0.03
251,0.0083333333333333,0.0583333333333333,0.05,0.9833333333333332,3116.736894726854,0.1005273363019273,3,Potential New Buyers,Accessory Upsell,Referral Voucher,0.0
252,0.025,0.825,0.6583333333333333,0.9666666666666668,18181.74143101601,0.0775215343578226,0,High-Value Buyers,Service Appointment,3% Vehicle Discount / Free Service Pack,0.03
253,0.0,0.0083333333333333,0.0,0.975,113.22475316455694,0.0984735836596415,3,Potential New Buyers,Accessory Upsell,Referral Voucher,0.0
254,0.0083333333333333,0.1,0.0166666666666666,0.0416666666666666,3682.8606605496393,0.017895254600135,3,Potential New Buyers,Nurture Email,Accessory Bundle (~2% value),0.02
255,0.0416666666666666,0.0166666666666666,0.0,0.025,11847.267619203893,0.0313417540747989,3,Potential New Buyers,Nurture Email,Accessory Bundle (~2% value),0.02
256,0.0,0.0,0.0083333333333333,0.9916666666666668,0.0,0.0975,3,Potential New Buyers,Accessory Upsell,Referral Voucher,0.0
257,0.0,0.0,0.0,1.0,0.0,0.1,3,Potential New Buyers,Accessory Upsell,Referral Voucher,0.0
258,0.05,0.0083333333333333,0.025,0.925,14058.206488614293,0.1207470877662606,0,High-Value Buyers,Accessory Upsell,Accessory Bundle (~2% value),0.02
259,0.0,0.0,0.0,0.9833333333333332,0.0,0.0983333333333333,3,Potential New Buyers,Accessory Upsell,Referral Voucher,0.0
260,0.0666666666666666,0.2,0.0416666666666666,0.9833333333333332,21310.703056549013,0.1563973466402225,0,High-Value Buyers,Accessory Upsell,3% Vehicle Discount / Free Service Pack,0.03
261,0.575,0.1166666666666666,0.0083333333333333,0.9916666666666668,161952.43650197575,0.4822754684611005,2,Trade-In Shoppers,Accessory Upsell,VIP Perks (0% off),0.0
262,0.0416666666666666,0.1583333333333333,0.7083333333333334,0.9916666666666668,13772.08842300136,0.0028926762887052,0,High-Value Buyers,Accessory Upsell,Accessory Bundle (~2% value),0.02
263,0.0,0.0,0.8416666666666667,0.0333333333333333,0.0,-0.165,3,Potential New Buyers,Nurture Email,Referral Voucher,0.0
264,0.05,0.1666666666666666,0.0,0.975,16209.476798740874,0.1492451772994499,0,High-Value Buyers,Accessory Upsell,3% Vehicle Discount / Free Service Pack,0.03
265,0.8,0.0,0.0,0.9833333333333332,223119.70776719577,0.6147093990392378,1,Service-Only,New-Car Promo,VIP Perks (0% off),0.0
266,0.0166666666666666,0.0666666666666666,0.8833333333333333,1.0,5554.125270466368,-0.0581201626873279,3,Potential New Buyers,Accessory Upsell,Accessory Bundle (~2% value),0.02
267,0.0416666666666666,0.025,0.0333333333333333,0.9916666666666668,11960.49237236845,0.1223153377344405,3,Potential New Buyers,Accessory Upsell,Accessory Bundle (~2% value),0.02
268,0.0,0.0,0.0166666666666666,1.0,0.0,0.0966666666666666,3,Potential New Buyers,Accessory Upsell,Referral Voucher,0.0
269,0.0083333333333333,0.0666666666666666,0.1166666666666666,0.1166666666666666,3229.9616478914118,0.0015009199615688,3,Potential New Buyers,Nurture Email,Referral Voucher,0.0
270,0.8333333333333334,0.0333333333333333,0.0,0.15,232869.26127015383,0.5567860697488836,1,Service-Only,New-Car Promo,VIP Perks (0% off),0.0
271,0.0,0.0083333333333333,0.0,0.9583333333333334,113.22475316455694,0.0968069169929748,3,Potential New Buyers,Accessory Upsell,Referral Voucher,0.0
272,0.025,0.0333333333333333,0.0666666666666666,0.9833333333333332,7425.389880383095,0.1050310866918756,3,Potential New Buyers,Accessory Upsell,Accessory Bundle (~2% value),0.02
273,0.0166666666666666,0.0083333333333333,0.0,0.9666666666666668,4761.551998314469,0.1083980850285145,3,Potential New Buyers,Accessory Upsell,Accessory Bundle (~2% value),0.02
274,0.025,0.05,0.125,0.1166666666666666,7651.8393867122095,0.0086449206778254,3,Potential New Buyers,Nurture Email,Accessory Bundle (~2% value),0.02
275,0.025,0.1166666666666666,0.0083333333333333,0.9916666666666668,8557.637412028665,0.1272669232882912,3,Potential New Buyers,Accessory Upsell,Accessory Bundle (~2% value),0.02
276,0.0416666666666666,0.9333333333333332,0.0333333333333333,0.9666666666666668,24301.99046730516,0.2259359566353691,0,High-Value Buyers,Service Appointment,3% Vehicle Discount / Free Service Pack,0.03
277,0.1166666666666666,0.0333333333333333,0.025,0.075,32991.189728707606,0.0816991775540106,0,High-Value Buyers,Trade-In Offer,3% Vehicle Discount / Free Service Pack,0.03
278,0.05,0.675,0.025,0.0583333333333333,23116.18674177885,0.1119671138709176,0,High-Value Buyers,Service Appointment,3% Vehicle Discount / Free Service Pack,0.03
279,0.0083333333333333,0.0,0.0,0.9916666666666668,2324.163622574956,0.1045455840177698,3,Potential New Buyers,Accessory Upsell,Referral Voucher,0.0
280,0.0333333333333333,0.0583333333333333,0.075,0.9416666666666668,10089.22776245172,0.1074974216885702,3,Potential New Buyers,Accessory Upsell,Accessory Bundle (~2% value),0.02
281,0.0916666666666666,0.0666666666666666,0.025,1.0,26471.59787364097,0.1619567601392673,0,High-Value Buyers,Accessory Upsell,3% Vehicle Discount / Free Service Pack,0.03
282,0.1083333333333333,0.8666666666666667,0.0166666666666666,0.05,41989.50142258835,0.1728452928337288,0,High-Value Buyers,Service Appointment,VIP Perks (0% off),0.0
283,0.0166666666666666,0.875,0.9083333333333332,0.95,16536.92632742839,0.026317452297902,0,High-Value Buyers,Service Appointment,3% Vehicle Discount / Free Service Pack,0.03
284,0.1416666666666666,0.0333333333333333,0.0,0.975,39963.68059643248,0.1928359296073201,0,High-Value Buyers,Accessory Upsell,VIP Perks (0% off),0.0
285,0.0833333333333333,0.0833333333333333,0.025,0.8916666666666667,24373.883757395124,0.1476916767741138,0,High-Value Buyers,Accessory Upsell,3% Vehicle Discount / Free Service Pack,0.03
286,0.0083333333333333,0.0166666666666666,0.8916666666666667,0.975,2550.613128904069,-0.073507248662947,3,Potential New Buyers,Accessory Upsell,Referral Voucher,0.0
287,0.0333333333333333,0.1666666666666666,0.1333333333333333,0.075,11561.149553590962,0.0218206759305769,3,Potential New Buyers,Nurture Email,Accessory Bundle (~2% value),0.02
288,0.0333333333333333,0.0166666666666666,0.0,0.9333333333333332,9523.103996628935,0.1167961700570291,3,Potential New Buyers,Accessory Upsell,Accessory Bundle (~2% value),0.02
289,0.0083333333333333,0.0083333333333333,0.0083333333333333,0.075,2437.388375739513,0.012185834344078,3,Potential New Buyers,Nurture Email,Referral Voucher,0.0
290,0.0,0.65,0.025,0.9,8831.530746835442,0.1609395254520406,3,Potential New Buyers,Service Appointment,Accessory Bundle (~2% value),0.02
291,0.0166666666666666,0.0166666666666666,0.1,0.9666666666666668,4874.776751479026,0.0893716686881561,3,Potential New Buyers,Accessory Upsell,Accessory Bundle (~2% value),0.02
292,0.0,0.0,0.0,0.925,0.0,0.0925,3,Potential New Buyers,Accessory Upsell,Referral Voucher,0.0
293,0.0,0.0166666666666666,0.0,0.9916666666666668,226.4495063291139,0.1011138339859497,3,Potential New Buyers,Accessory Upsell,Referral Voucher,0.0
294,0.0416666666666666,0.075,0.125,0.9916666666666668,12639.84089135579,0.1098235063589564,3,Potential New Buyers,Accessory Upsell,Accessory Bundle (~2% value),0.02
295,0.0416666666666666,0.0,0.0416666666666666,1.0,11620.818112874778,0.1185612534221825,3,Potential New Buyers,Accessory Upsell,Accessory Bundle (~2% value),0.02
296,0.0166666666666666,0.075,0.0166666666666666,0.925,5667.350023630924,0.1086867543056469,3,Potential New Buyers,Accessory Upsell,Accessory Bundle (~2% value),0.02
297,0.0,0.0083333333333333,0.0166666666666666,0.0583333333333333,113.22475316455694,0.0034735836596415,3,Potential New Buyers,Nurture Email,Referral Voucher,0.0
298,0.0416666666666666,0.0,0.0,0.9833333333333332,11620.818112874778,0.1252279200888492,3,Potential New Buyers,Accessory Upsell,Accessory Bundle (~2% value),0.02
299,0.8833333333333333,0.0416666666666666,0.0916666666666666,0.9666666666666668,246927.4677587681,0.6475,1,Service-Only,New-Car Promo,VIP Perks (0% off),0.0
300,0.0083333333333333,0.0083333333333333,0.0,0.9916666666666668,2437.388375739513,0.1055191676774113,3,Potential New Buyers,Accessory Upsell,Referral Voucher,0.0
301,0.075,0.05,0.0,0.9916666666666668,21596.821122161942,0.1534184247844445,0,High-Value Buyers,Accessory Upsell,3% Vehicle Discount / Free Service Pack,0.03
302,0.0416666666666666,0.0166666666666666,0.0083333333333333,1.0,11847.267619203893,0.1271750874081323,3,Potential New Buyers,Accessory Upsell,Accessory Bundle (~2% value),0.02
303,0.0083333333333333,0.0083333333333333,0.05,1.0,2437.388375739513,0.0963525010107447,3,Potential New Buyers,Accessory Upsell,Referral Voucher,0.0
304,0.0333333333333333,0.1916666666666666,0.0416666666666666,0.0,11900.823813084631,0.0355747602428349,3,Potential New Buyers,Nurture Email,Accessory Bundle (~2% value),0.02
305,0.0083333333333333,0.0,0.0,0.9916666666666668,2324.163622574956,0.1045455840177698,3,Potential New Buyers,Accessory Upsell,Referral Voucher,0.0
306,0.0083333333333333,0.8916666666666667,0.0083333333333333,0.9583333333333334,14439.21221118255,0.2037190355994153,0,High-Value Buyers,Service Appointment,3% Vehicle Discount / Free Service Pack,0.03
307,0.0083333333333333,0.0333333333333333,0.0083333333333333,0.975,2777.062635233184,0.1051065853230027,3,Potential New Buyers,Accessory Upsell,Referral Voucher,0.0
308,0.0166666666666666,0.0583333333333333,0.0166666666666666,0.9666666666666668,5440.90051730181,0.1109062536530305,3,Potential New Buyers,Accessory Upsell,Accessory Bundle (~2% value),0.02
309,0.0083333333333333,0.0916666666666666,0.0083333333333333,0.95,3569.635907385082,0.1094216709404935,3,Potential New Buyers,Accessory Upsell,Accessory Bundle (~2% value),0.02
310,0.0083333333333333,0.0,0.0,0.0416666666666666,2324.163622574956,0.0095455840177698,3,Potential New Buyers,Nurture Email,Referral Voucher,0.0
311,0.0,0.8333333333333334,0.1,0.05,11322.475316455697,0.0823583659641546,3,Potential New Buyers,Service Appointment,Accessory Bundle (~2% value),0.02
312,0.0416666666666666,0.0583333333333333,0.075,0.025,12413.391385026676,0.0212096723730066,3,Potential New Buyers,Nurture Email,Accessory Bundle (~2% value),0.02
313,0.0,0.025,0.05,0.8583333333333333,339.6742594936709,0.0787540843122579,3,Potential New Buyers,Accessory Upsell,Referral Voucher,0.0
314,0.0,0.025,0.0333333333333333,0.9833333333333332,339.6742594936709,0.0945874176455913,3,Potential New Buyers,Accessory Upsell,Referral Voucher,0.0
315,0.0083333333333333,0.05,0.0916666666666666,0.95,3003.512141562297,0.0878870859756191,3,Potential New Buyers,Accessory Upsell,Referral Voucher,0.0
316,0.0,0.0083333333333333,0.0083333333333333,0.9916666666666668,113.22475316455694,0.0984735836596415,3,Potential New Buyers,Accessory Upsell,Referral Voucher,0.0
317,0.0,0.175,0.025,0.9666666666666668,2377.719816455696,0.1121119235191391,3,Potential New Buyers,Accessory Upsell,Referral Voucher,0.0
318,0.0833333333333333,0.1333333333333333,0.075,0.0416666666666666,25053.232276382467,0.0585331787319631,0,High-Value Buyers,Trade-In Offer,3% Vehicle Discount / Free Service Pack,0.03
319,0.05,0.0,0.0166666666666666,1.0,13944.981735449735,0.1289401707732857,0,High-Value Buyers,Accessory Upsell,Accessory Bundle (~2% value),0.02
320,0.0083333333333333,0.0083333333333333,0.0,1.0,2437.388375739513,0.1063525010107447,3,Potential New Buyers,Accessory Upsell,Referral Voucher,0.0
321,0.0416666666666666,0.875,0.0,0.9916666666666668,23509.41719515325,0.2282875376845449,0,High-Value Buyers,Service Appointment,3% Vehicle Discount / Free Service Pack,0.03
322,0.0083333333333333,0.875,0.8583333333333333,0.975,14212.762704853434,0.0334385349467989,0,High-Value Buyers,Service Appointment,Accessory Bundle (~2% value),0.02
323,0.0083333333333333,0.125,0.05,0.9833333333333332,4022.53492004331,0.1083160055790597,3,Potential New Buyers,Accessory Upsell,Accessory Bundle (~2% value),0.02
324,0.0083333333333333,0.0166666666666666,0.025,0.9916666666666668,2550.613128904069,0.1014927513370529,3,Potential New Buyers,Accessory Upsell,Referral Voucher,0.0
325,0.025,0.0833333333333333,0.0,0.05,8104.738399370437,0.0308725886497249,3,Potential New Buyers,Nurture Email,Accessory Bundle (~2% value),0.02
326,0.0,0.0333333333333333,0.0,0.95,452.8990126582278,0.0988943346385661,3,Potential New Buyers,Accessory Upsell,Referral Voucher,0.0
327,0.0166666666666666,0.0583333333333333,0.0083333333333333,0.9916666666666668,5440.90051730181,0.1150729203196972,3,Potential New Buyers,Accessory Upsell,Accessory Bundle (~2% value),0.02
328,0.025,0.0333333333333333,0.2666666666666666,0.05,7425.389880383095,-0.0283022466414576,3,Potential New Buyers,Nurture Email,Accessory Bundle (~2% value),0.02
329,0.0666666666666666,0.1083333333333333,0.0083333333333333,0.9916666666666668,20065.230771738887,0.1531879263841655,0,High-Value Buyers,Accessory Upsell,3% Vehicle Discount / Free Service Pack,0.03
330,0.6416666666666667,0.8833333333333333,0.0083333333333333,0.9833333333333332,190962.42277371464,0.6140431706236149,2,Trade-In Shoppers,Service Appointment,VIP Perks (0% off),0.0
331,0.0083333333333333,0.6416666666666667,0.05,1.0,11042.46961624584,0.1703448591435022,3,Potential New Buyers,Service Appointment,Accessory Bundle (~2% value),0.02
332,0.0666666666666666,0.0416666666666666,0.0,0.05,19159.43274642243,0.0528992571070331,0,High-Value Buyers,Trade-In Offer,3% Vehicle Discount / Free Service Pack,0.03
333,0.075,0.0333333333333333,0.0,0.9833333333333332,21370.37161583283,0.150637924131828,0,High-Value Buyers,Accessory Upsell,3% Vehicle Discount / Free Service Pack,0.03
334,0.0166666666666666,0.0416666666666666,0.0083333333333333,0.9583333333333334,5214.451010972696,0.1097924196670807,3,Potential New Buyers,Accessory Upsell,Accessory Bundle (~2% value),0.02
335,0.1333333333333333,0.6416666666666667,0.875,0.95,45904.92395487017,0.0810286194100498,0,High-Value Buyers,Service Appointment,VIP Perks (0% off),0.0
336,0.0083333333333333,0.0166666666666666,0.0,0.975,2550.613128904069,0.1048260846703862,3,Potential New Buyers,Accessory Upsell,Referral Voucher,0.0
337,0.025,0.0666666666666666,0.0083333333333333,1.0,7878.288893041323,0.1222587546637752,3,Potential New Buyers,Accessory Upsell,Accessory Bundle (~2% value),0.02
338,0.0166666666666666,0.9083333333333332,0.0166666666666666,1.0,16989.82534008662,0.2135451202698016,0,High-Value Buyers,Service Appointment,3% Vehicle Discount / Free Service Pack,0.03
339,0.0,0.1333333333333333,0.05,0.9916666666666668,1811.596050632911,0.1047440052209314,3,Potential New Buyers,Accessory Upsell,Referral Voucher,0.0
340,0.0166666666666666,0.0166666666666666,0.0083333333333333,0.1166666666666666,4874.776751479026,0.0227050020214894,3,Potential New Buyers,Nurture Email,Accessory Bundle (~2% value),0.02
341,0.0166666666666666,0.0083333333333333,0.0083333333333333,1.0,4761.551998314469,0.1100647516951812,3,Potential New Buyers,Accessory Upsell,Accessory Bundle (~2% value),0.02
342,0.075,0.05,0.0,0.9666666666666668,21596.821122161942,0.1509184247844445,0,High-Value Buyers,Accessory Upsell,3% Vehicle Discount / Free Service Pack,0.03
343,0.0083333333333333,0.0083333333333333,0.0166666666666666,0.975,2437.388375739513,0.1005191676774113,3,Potential New Buyers,Accessory Upsell,Referral Voucher,0.0
344,0.8916666666666667,0.85,0.025,0.075,260234.4324383051,0.655,1,Service-Only,New-Car Promo,VIP Perks (0% off),0.0
345,0.0166666666666666,0.0583333333333333,0.125,0.9833333333333332,5440.90051730181,0.0909062536530305,3,Potential New Buyers,Accessory Upsell,Accessory Bundle (~2% value),0.02
346,0.0083333333333333,0.0416666666666666,0.6583333333333333,0.9916666666666668,2890.2873883977404,-0.0222531643506891,3,Potential New Buyers,Accessory Upsell,Referral Voucher,0.0
347,0.0583333333333333,0.0166666666666666,0.0083333333333333,1.0,16495.594864353803,0.1379329221103386,0,High-Value Buyers,Accessory Upsell,3% Vehicle Discount / Free Service Pack,0.03
348,0.5583333333333333,0.0583333333333333,0.0083333333333333,0.0,156511.53598467394,0.3655358814747367,2,Trade-In Shoppers,Trade-In Offer,VIP Perks (0% off),0.0
349,0.0,0.0166666666666666,0.0166666666666666,0.9916666666666668,226.4495063291139,0.0977805006526164,3,Potential New Buyers,Accessory Upsell,Referral Voucher,0.0
350,0.0,0.0,0.0,1.0,0.0,0.1,3,Potential New Buyers,Accessory Upsell,Referral Voucher,0.0
351,0.025,0.7166666666666667,0.0083333333333333,1.0,16709.819639876765,0.1981982801158158,0,High-Value Buyers,Service Appointment,3% Vehicle Discount / Free Service Pack,0.03
352,0.0333333333333333,0.0666666666666666,0.1166666666666666,0.9916666666666668,10202.452515616278,0.1051376720148784,3,Potential New Buyers,Accessory Upsell,Accessory Bundle (~2% value),0.02
353,0.0333333333333333,0.0666666666666666,0.0083333333333333,1.0,10202.452515616278,0.1276376720148784,3,Potential New Buyers,Accessory Upsell,Accessory Bundle (~2% value),0.02
354,0.05,0.1083333333333333,0.025,1.0,15416.903526588976,0.1399300916819591,0,High-Value Buyers,Accessory Upsell,3% Vehicle Discount / Free Service Pack,0.03
355,0.0166666666666666,0.0333333333333333,0.8916666666666667,1.0,5101.226257808139,-0.0636811639925608,3,Potential New Buyers,Accessory Upsell,Accessory Bundle (~2% value),0.02
356,0.0916666666666666,0.025,0.0083333333333333,0.9583333333333334,25905.474107818183,0.1562555085077262,0,High-Value Buyers,Accessory Upsell,3% Vehicle Discount / Free Service Pack,0.03
357,0.6666666666666666,0.0333333333333333,0.0416666666666666,0.975,186385.98881865467,0.5233743893934866,2,Trade-In Shoppers,Accessory Upsell,VIP Perks (0% off),0.0
358,0.0083333333333333,0.05,0.05,0.9666666666666668,3003.512141562297,0.0978870859756191,3,Potential New Buyers,Accessory Upsell,Referral Voucher,0.0
359,0.15,0.0333333333333333,0.0083333333333333,0.0833333333333333,42287.84421900744,0.1073815136250899,0,High-Value Buyers,Trade-In Offer,VIP Perks (0% off),0.0
360,0.0583333333333333,0.0333333333333333,0.0,0.0333333333333333,16722.044370682917,0.0448800894296217,0,High-Value Buyers,Trade-In Offer,3% Vehicle Discount / Free Service Pack,0.03
361,0.025,0.0,0.8416666666666667,0.9833333333333332,6972.490867724868,-0.0538632479466904,3,Potential New Buyers,Accessory Upsell,Accessory Bundle (~2% value),0.02
362,0.025,0.0333333333333333,0.0083333333333333,0.0166666666666666,7425.389880383095,0.0200310866918757,3,Potential New Buyers,Nurture Email,Accessory Bundle (~2% value),0.02
363,0.0,0.0333333333333333,0.0083333333333333,0.0333333333333333,452.8990126582278,0.0055610013052328,3,Potential New Buyers,Nurture Email,Referral Voucher,0.0
364,0.0166666666666666,0.0333333333333333,0.0333333333333333,0.975,5101.226257808139,0.1054855026741058,3,Potential New Buyers,Accessory Upsell,Accessory Bundle (~2% value),0.02
365,0.0166666666666666,0.075,0.0,0.9916666666666668,5667.350023630924,0.1186867543056469,3,Potential New Buyers,Accessory Upsell,Accessory Bundle (~2% value),0.02
366,0.0,0.0083333333333333,0.0,0.0333333333333333,113.22475316455694,0.0043069169929748,3,Potential New Buyers,Nurture Email,Referral Voucher,0.0
367,0.0833333333333333,0.6416666666666667,0.0166666666666666,0.1166666666666666,31959.94221942044,0.1370884486367641,0,High-Value Buyers,Service Appointment,3% Vehicle Discount / Free Service Pack,0.03
368,0.0,0.0,0.0,1.0,0.0,0.1,3,Potential New Buyers,Accessory Upsell,Referral Voucher,0.0
369,0.05,0.675,0.0083333333333333,0.8583333333333333,23116.18674177885,0.195300447204251,0,High-Value Buyers,Service Appointment,3% Vehicle Discount / Free Service Pack,0.03
370,0.0083333333333333,0.2,0.0166666666666666,0.9666666666666668,5041.557698524322,0.1220782585158336,3,Potential New Buyers,Accessory Upsell,Accessory Bundle (~2% value),0.02
371,0.05,0.0833333333333333,0.0083333333333333,0.975,15077.229267095305,0.1378426740363678,0,High-Value Buyers,Accessory Upsell,3% Vehicle Discount / Free Service Pack,0.03
372,0.0333333333333333,0.625,0.0416666666666666,0.9583333333333334,17788.510977641592,0.1820344438775287,0,High-Value Buyers,Service Appointment,3% Vehicle Discount / Free Service Pack,0.03
373,0.8333333333333334,0.1666666666666666,0.0,0.9666666666666668,234680.85732078677,0.6540300749698149,1,Service-Only,New-Car Promo,VIP Perks (0% off),0.0
374,0.0083333333333333,0.0666666666666666,0.0166666666666666,0.9666666666666668,3229.9616478914118,0.1065009199615689,3,Potential New Buyers,Accessory Upsell,Referral Voucher,0.0
375,0.0083333333333333,0.0,0.0666666666666666,0.9666666666666668,2324.163622574956,0.0887122506844365,3,Potential New Buyers,Accessory Upsell,Referral Voucher,0.0
376,0.0083333333333333,0.0,0.0083333333333333,0.9666666666666668,2324.163622574956,0.1003789173511031,3,Potential New Buyers,Accessory Upsell,Referral Voucher,0.0
377,0.0166666666666666,0.0083333333333333,0.0166666666666666,0.025,4761.551998314469,0.0108980850285145,3,Potential New Buyers,Nurture Email,Accessory Bundle (~2% value),0.02
378,0.0166666666666666,0.0083333333333333,0.0,0.975,4761.551998314469,0.1092314183618479,3,Potential New Buyers,Accessory Upsell,Accessory Bundle (~2% value),0.02
379,0.0083333333333333,0.1083333333333333,0.8666666666666667,0.0416666666666666,3796.085413714196,-0.1511311617402233,3,Potential New Buyers,Nurture Email,Accessory Bundle (~2% value),0.02
380,0.0416666666666666,0.8416666666666667,0.0166666666666666,0.9833333333333332,23056.51818249503,0.220226536379312,0,High-Value Buyers,Service Appointment,3% Vehicle Discount / Free Service Pack,0.03
381,0.0083333333333333,0.0,0.0416666666666666,0.9916666666666668,2324.163622574956,0.0962122506844365,3,Potential New Buyers,Accessory Upsell,Referral Voucher,0.0
382,0.8083333333333333,0.0083333333333333,0.0,0.9916666666666668,225557.0961429353,0.6218952333833161,1,Service-Only,New-Car Promo,VIP Perks (0% off),0.0
383,0.025,0.05,0.0,0.9666666666666668,7651.8393867122095,0.1186449206778254,3,Potential New Buyers,Accessory Upsell,Accessory Bundle (~2% value),0.02
384,0.7833333333333333,0.0083333333333333,0.0666666666666666,0.975,218584.60527521043,0.5907584813300064,1,Service-Only,New-Car Promo,VIP Perks (0% off),0.0
385,0.0416666666666666,0.9,0.0916666666666666,0.9916666666666668,23849.09145464693,0.2128749553301362,0,High-Value Buyers,Service Appointment,3% Vehicle Discount / Free Service Pack,0.03
386,0.0166666666666666,0.1583333333333333,0.0,0.95,6799.597555276494,0.1242559242353957,3,Potential New Buyers,Accessory Upsell,Accessory Bundle (~2% value),0.02
387,0.0,0.0,0.0,0.0416666666666666,0.0,0.0041666666666666,3,Potential New Buyers,Nurture Email,Referral Voucher,0.0
388,0.0166666666666666,0.0666666666666666,0.85,1.0,5554.125270466368,-0.0514534960206612,3,Potential New Buyers,Accessory Upsell,Accessory Bundle (~2% value),0.02
389,0.0083333333333333,0.05,0.9,0.9833333333333332,3003.512141562297,-0.0704462473577142,3,Potential New Buyers,Accessory Upsell,Referral Voucher,0.0
390,0.0,0.0083333333333333,0.0,0.9833333333333332,113.22475316455694,0.0993069169929748,3,Potential New Buyers,Accessory Upsell,Referral Voucher,0.0
391,0.0083333333333333,0.0,0.0,1.0,2324.163622574956,0.1053789173511031,3,Potential New Buyers,Accessory Upsell,Referral Voucher,0.0
392,0.05,0.0333333333333333,0.075,0.9833333333333332,14397.880748107964,0.1195011720785185,0,High-Value Buyers,Accessory Upsell,Accessory Bundle (~2% value),0.02
393,0.0,0.0166666666666666,0.075,0.075,226.4495063291139,-0.0055528326807169,3,Potential New Buyers,Nurture Email,Referral Voucher,0.0
394,0.0583333333333333,0.0083333333333333,0.0,0.075,16382.370111189248,0.0461260051173637,0,High-Value Buyers,Nurture Email,3% Vehicle Discount / Free Service Pack,0.03
395,0.0166666666666666,0.0083333333333333,0.625,0.9,4761.551998314469,-0.0232685816381521,3,Potential New Buyers,Accessory Upsell,Accessory Bundle (~2% value),0.02
396,0.0166666666666666,0.0583333333333333,0.05,1.0,5440.90051730181,0.1075729203196971,3,Potential New Buyers,Accessory Upsell,Accessory Bundle (~2% value),0.02
397,0.025,0.025,0.0083333333333333,0.9666666666666668,7312.165127218539,0.1140575030322341,3,Potential New Buyers,Accessory Upsell,Accessory Bundle (~2% value),0.02
398,0.0333333333333333,0.0583333333333333,0.0166666666666666,0.9666666666666668,10089.22776245172,0.1216640883552368,3,Potential New Buyers,Accessory Upsell,Accessory Bundle (~2% value),0.02
399,0.0416666666666666,0.5166666666666667,0.8833333333333333,0.05,18640.75280907731,-0.0844098930133749,0,High-Value Buyers,Trade-In Offer,3% Vehicle Discount / Free Service Pack,0.03
400,0.0083333333333333,0.0583333333333333,0.05,0.9833333333333332,3116.736894726854,0.1005273363019273,3,Potential New Buyers,Accessory Upsell,Referral Voucher,0.0
401,0.0,0.0,0.0,0.0416666666666666,0.0,0.0041666666666666,3,Potential New Buyers,Nurture Email,Referral Voucher,0.0
402,0.0166666666666666,0.0083333333333333,0.0333333333333333,0.9916666666666668,4761.551998314469,0.1042314183618479,3,Potential New Buyers,Accessory Upsell,Accessory Bundle (~2% value),0.02
403,0.0,0.0,0.0166666666666666,0.9666666666666668,0.0,0.0933333333333333,3,Potential New Buyers,Accessory Upsell,Referral Voucher,0.0
404,0.0416666666666666,0.0666666666666666,0.0416666666666666,0.95,12526.616138191232,0.1213499226993149,3,Potential New Buyers,Accessory Upsell,Accessory Bundle (~2% value),0.02
405,0.0166666666666666,0.6916666666666667,0.8416666666666667,0.9583333333333334,14045.981757808138,0.0190652784524547,0,High-Value Buyers,Service Appointment,Accessory Bundle (~2% value),0.02
406,0.0,0.0416666666666666,0.1916666666666666,0.0416666666666666,566.1237658227847,-0.0292987483684589,3,Potential New Buyers,Nurture Email,Referral Voucher,0.0
407,0.0,0.8666666666666667,0.05,0.9583333333333334,11775.374329113924,0.1870860339360542,3,Potential New Buyers,Service Appointment,Accessory Bundle (~2% value),0.02
408,0.0,0.8916666666666667,0.05,0.95,12115.048588607597,0.1891734515816455,3,Potential New Buyers,Service Appointment,Accessory Bundle (~2% value),0.02
409,0.0083333333333333,0.05,0.1,0.9916666666666668,3003.512141562297,0.0903870859756191,3,Potential New Buyers,Accessory Upsell,Referral Voucher,0.0
410,0.0,0.0166666666666666,0.0,0.9166666666666666,226.4495063291139,0.0936138339859497,3,Potential New Buyers,Accessory Upsell,Referral Voucher,0.0
411,0.025,0.125,0.0083333333333333,0.9833333333333332,8670.862165193223,0.1274071736145993,3,Potential New Buyers,Accessory Upsell,Accessory Bundle (~2% value),0.02
412,0.0083333333333333,0.875,0.025,0.0333333333333333,14212.762704853434,0.1059385349467989,0,High-Value Buyers,Service Appointment,Accessory Bundle (~2% value),0.02
413,0.0333333333333333,0.0416666666666666,0.0333333333333333,0.975,9862.778256122609,0.1172169210359537,3,Potential New Buyers,Accessory Upsell,Accessory Bundle (~2% value),0.02
414,0.0,0.0083333333333333,0.0083333333333333,0.075,113.22475316455694,0.0068069169929748,3,Potential New Buyers,Nurture Email,Referral Voucher,0.0
415,0.025,0.1666666666666666,0.8666666666666667,0.0583333333333333,9236.985931016006,-0.1318915747538595,3,Potential New Buyers,Nurture Email,Accessory Bundle (~2% value),0.02
416,0.0416666666666666,0.2333333333333333,0.0333333333333333,0.9166666666666666,14791.111201482374,0.1391549292254791,0,High-Value Buyers,Accessory Upsell,3% Vehicle Discount / Free Service Pack,0.03
417,0.0,0.0083333333333333,0.0416666666666666,0.9666666666666668,113.22475316455694,0.0893069169929748,3,Potential New Buyers,Accessory Upsell,Referral Voucher,0.0
418,0.1,0.025,0.0166666666666666,0.9916666666666668,28229.63773039314,0.163301092525496,0,High-Value Buyers,Accessory Upsell,3% Vehicle Discount / Free Service Pack,0.03
419,0.025,0.025,0.0,1.0,7312.165127218539,0.1190575030322341,3,Potential New Buyers,Accessory Upsell,Accessory Bundle (~2% value),0.02
420,0.1,0.1166666666666666,0.025,0.025,29475.110015203267,0.0756771794482197,0,High-Value Buyers,Trade-In Offer,3% Vehicle Discount / Free Service Pack,0.03
421,0.0083333333333333,0.0583333333333333,0.0166666666666666,0.0166666666666666,3116.736894726854,0.0105273363019273,3,Potential New Buyers,Nurture Email,Referral Voucher,0.0
422,0.0166666666666666,0.0166666666666666,0.0083333333333333,1.0,4874.776751479026,0.1110383353548227,3,Potential New Buyers,Accessory Upsell,Accessory Bundle (~2% value),0.02
423,0.825,0.0583333333333333,0.0,0.0333333333333333,230884.7719070725,0.5426612367100383,1,Service-Only,New-Car Promo,VIP Perks (0% off),0.0
424,0.0166666666666666,0.0333333333333333,0.0,0.9583333333333334,5101.226257808139,0.1104855026741058,3,Potential New Buyers,Accessory Upsell,Accessory Bundle (~2% value),0.02
425,0.025,0.0,0.1833333333333333,0.9666666666666668,6972.490867724868,0.0761367520533095,3,Potential New Buyers,Accessory Upsell,Accessory Bundle (~2% value),0.02
426,0.025,0.6583333333333333,0.0166666666666666,0.975,15917.246367724869,0.1872165278316583,0,High-Value Buyers,Service Appointment,3% Vehicle Discount / Free Service Pack,0.03
427,0.0833333333333333,0.05,0.1166666666666666,1.0,23920.9847447369,0.1362973421355476,0,High-Value Buyers,Accessory Upsell,3% Vehicle Discount / Free Service Pack,0.03
428,0.0416666666666666,0.0083333333333333,0.0083333333333333,0.0083333333333333,11734.042866039335,0.027034837081824,3,Potential New Buyers,Nurture Email,Accessory Bundle (~2% value),0.02
429,0.1666666666666666,0.0333333333333333,0.875,0.975,46936.17146415734,0.0339726816606296,0,High-Value Buyers,Accessory Upsell,VIP Perks (0% off),0.0
430,0.0166666666666666,0.1666666666666666,0.0,1.0,6912.82230844105,0.1302295078950373,3,Potential New Buyers,Accessory Upsell,Accessory Bundle (~2% value),0.02
431,0.0916666666666666,0.0416666666666666,0.0,0.1333333333333333,26131.923614147297,0.0773693424936759,0,High-Value Buyers,Trade-In Offer,3% Vehicle Discount / Free Service Pack,0.03
432,0.575,0.8833333333333333,0.025,0.95,172369.113793115,0.5643451651481228,2,Trade-In Shoppers,Service Appointment,VIP Perks (0% off),0.0
433,0.075,0.0333333333333333,0.0,0.9916666666666668,21370.37161583283,0.1514712574651614,0,High-Value Buyers,Accessory Upsell,3% Vehicle Discount / Free Service Pack,0.03
434,0.025,0.8583333333333333,0.1666666666666666,0.9666666666666668,18634.64044367423,0.1797492023297221,0,High-Value Buyers,Service Appointment,3% Vehicle Discount / Free Service Pack,0.03
435,0.025,0.175,0.0,0.9666666666666668,9350.210684180563,0.1332486755724486,3,Potential New Buyers,Accessory Upsell,Accessory Bundle (~2% value),0.02
436,0.1083333333333333,0.125,0.0583333333333333,0.0916666666666666,31912.498390942783,0.0820296804589644,0,High-Value Buyers,Trade-In Offer,3% Vehicle Discount / Free Service Pack,0.03
437,0.0333333333333333,0.075,0.025,0.9833333333333332,10315.677268780835,0.1236112556745199,3,Potential New Buyers,Accessory Upsell,Accessory Bundle (~2% value),0.02
438,0.025,0.15,0.0,0.9833333333333332,9010.536424686892,0.1319945912601906,3,Potential New Buyers,Accessory Upsell,Accessory Bundle (~2% value),0.02
439,0.0166666666666666,0.0166666666666666,0.0,0.9916666666666668,4874.776751479026,0.1118716686881561,3,Potential New Buyers,Accessory Upsell,Accessory Bundle (~2% value),0.02
440,0.8416666666666667,0.0083333333333333,0.0083333333333333,0.0416666666666666,234853.75063323512,0.546744236121062,1,Service-Only,New-Car Promo,VIP Perks (0% off),0.0
441,0.0,0.0083333333333333,0.0083333333333333,0.975,113.22475316455694,0.0968069169929748,3,Potential New Buyers,Accessory Upsell,Referral Voucher,0.0
442,0.8166666666666667,0.0083333333333333,0.0083333333333333,0.975,227881.25976551024,0.6239408174010859,1,Service-Only,New-Car Promo,VIP Perks (0% off),0.0
443,0.6166666666666667,0.0083333333333333,0.0166666666666666,0.9833333333333332,172101.3328237113,0.4940134676412763,2,Trade-In Shoppers,Accessory Upsell,VIP Perks (0% off),0.0
444,0.0166666666666666,0.0083333333333333,0.0083333333333333,0.0416666666666666,4761.551998314469,0.0142314183618478,3,Potential New Buyers,Nurture Email,Accessory Bundle (~2% value),0.02
445,0.0,0.1333333333333333,0.0,0.9666666666666668,1811.596050632911,0.1122440052209314,3,Potential New Buyers,Accessory Upsell,Referral Voucher,0.0
446,0.075,0.0166666666666666,0.0333333333333333,0.0333333333333333,21143.92210950372,0.0470240901458783,0,High-Value Buyers,Trade-In Offer,3% Vehicle Discount / Free Service Pack,0.03
447,0.0166666666666666,0.0083333333333333,0.0,1.0,4761.551998314469,0.1117314183618479,3,Potential New Buyers,Accessory Upsell,Accessory Bundle (~2% value),0.02
448,0.025,0.0,0.1,0.9583333333333334,6972.490867724868,0.0919700853866428,3,Potential New Buyers,Accessory Upsell,Accessory Bundle (~2% value),0.02
449,0.0,0.0666666666666666,0.8833333333333333,0.9916666666666668,905.7980253164556,-0.0697113307228676,3,Potential New Buyers,Accessory Upsell,Referral Voucher,0.0
450,0.05,0.05,0.0583333333333333,0.9333333333333332,14624.330254437078,0.1197816727311349,0,High-Value Buyers,Accessory Upsell,3% Vehicle Discount / Free Service Pack,0.03
451,0.0083333333333333,0.0,0.0333333333333333,1.0,2324.163622574956,0.0987122506844365,3,Potential New Buyers,Accessory Upsell,Referral Voucher,0.0
452,0.0083333333333333,0.0083333333333333,0.0,0.9916666666666668,2437.388375739513,0.1055191676774113,3,Potential New Buyers,Accessory Upsell,Referral Voucher,0.0
453,0.05,0.1,0.0083333333333333,0.9916666666666668,15303.67877342442,0.1414565080223176,0,High-Value Buyers,Accessory Upsell,3% Vehicle Discount / Free Service Pack,0.03
454,0.0083333333333333,0.9083333333333332,0.0083333333333333,0.0166666666666666,14665.661717511664,0.1114995362520317,0,High-Value Buyers,Service Appointment,3% Vehicle Discount / Free Service Pack,0.03
455,0.0416666666666666,0.0416666666666666,0.025,1.0,12186.941878697562,0.1267625050537236,3,Potential New Buyers,Accessory Upsell,Accessory Bundle (~2% value),0.02
456,0.0166666666666666,0.025,0.075,0.9916666666666668,4988.001504643582,0.0978452523477976,3,Potential New Buyers,Accessory Upsell,Accessory Bundle (~2% value),0.02
457,0.0,0.6666666666666666,0.05,0.975,9057.980253164556,0.1653866927713237,3,Potential New Buyers,Service Appointment,Accessory Bundle (~2% value),0.02
458,0.0,0.0,0.0,0.9833333333333332,0.0,0.0983333333333333,3,Potential New Buyers,Accessory Upsell,Referral Voucher,0.0
459,0.0083333333333333,0.0,0.0,0.125,2324.163622574956,0.0178789173511031,3,Potential New Buyers,Nurture Email,Referral Voucher,0.0
460,0.0166666666666666,0.025,0.05,0.9916666666666668,4988.001504643582,0.1028452523477976,3,Potential New Buyers,Accessory Upsell,Accessory Bundle (~2% value),0.02
461,0.025,0.925,0.025,1.0,19540.438468990687,0.2192045382735212,0,High-Value Buyers,Service Appointment,3% Vehicle Discount / Free Service Pack,0.03
462,0.0083333333333333,0.0333333333333333,0.0,0.975,2777.062635233184,0.1067732519896693,3,Potential New Buyers,Accessory Upsell,Referral Voucher,0.0
463,0.0166666666666666,0.0166666666666666,0.0166666666666666,0.05,4874.776751479026,0.0143716686881561,3,Potential New Buyers,Nurture Email,Accessory Bundle (~2% value),0.02
464,0.0083333333333333,0.0166666666666666,0.0,0.0666666666666666,2550.613128904069,0.0139927513370529,3,Potential New Buyers,Nurture Email,Referral Voucher,0.0
465,0.0083333333333333,0.0083333333333333,0.0083333333333333,0.9916666666666668,2437.388375739513,0.1038525010107447,3,Potential New Buyers,Accessory Upsell,Referral Voucher,0.0
466,0.025,0.025,0.8333333333333334,0.9583333333333334,7312.165127218539,-0.0517758303010991,3,Potential New Buyers,Accessory Upsell,Accessory Bundle (~2% value),0.02
467,0.0416666666666666,0.025,0.0166666666666666,0.9416666666666668,11960.49237236845,0.1206486710677738,3,Potential New Buyers,Accessory Upsell,Accessory Bundle (~2% value),0.02
468,0.0416666666666666,0.0333333333333333,0.0333333333333333,0.075,12073.717125533009,0.0316222547274153,3,Potential New Buyers,Nurture Email,Accessory Bundle (~2% value),0.02
469,0.0333333333333333,0.0416666666666666,0.0416666666666666,0.0666666666666666,9862.778256122609,0.0247169210359537,3,Potential New Buyers,Nurture Email,Accessory Bundle (~2% value),0.02
470,0.0,0.0,0.0,1.0,0.0,0.1,3,Potential New Buyers,Accessory Upsell,Referral Voucher,0.0
471,0.0083333333333333,0.0,0.0083333333333333,0.9916666666666668,2324.163622574956,0.1028789173511031,3,Potential New Buyers,Accessory Upsell,Referral Voucher,0.0
472,0.0416666666666666,0.675,0.0,0.05,20792.02311920389,0.1107548631864811,0,High-Value Buyers,Service Appointment,3% Vehicle Discount / Free Service Pack,0.03
473,0.075,0.0,0.8416666666666667,0.9833333333333332,20917.472603174603,-0.0215897438400714,0,High-Value Buyers,Accessory Upsell,3% Vehicle Discount / Free Service Pack,0.03
474,0.0333333333333333,0.0166666666666666,0.6583333333333333,0.0333333333333333,9523.103996628935,-0.1048704966096375,3,Potential New Buyers,Nurture Email,Accessory Bundle (~2% value),0.02
475,0.0,0.0083333333333333,0.025,0.975,113.22475316455694,0.0934735836596415,3,Potential New Buyers,Accessory Upsell,Referral Voucher,0.0
476,0.0166666666666666,0.0083333333333333,0.0166666666666666,0.9833333333333332,4761.551998314469,0.1067314183618479,3,Potential New Buyers,Accessory Upsell,Accessory Bundle (~2% value),0.02
477,0.0416666666666666,0.85,0.8666666666666667,0.9916666666666668,23169.742935659586,0.0520334533722869,0,High-Value Buyers,Service Appointment,3% Vehicle Discount / Free Service Pack,0.03
478,0.0083333333333333,0.0166666666666666,0.0083333333333333,0.9916666666666668,2550.613128904069,0.1048260846703862,3,Potential New Buyers,Accessory Upsell,Referral Voucher,0.0
479,0.025,0.0333333333333333,0.0083333333333333,0.9833333333333332,7425.389880383095,0.1166977533585423,3,Potential New Buyers,Accessory Upsell,Accessory Bundle (~2% value),0.02
480,0.0,0.0,0.0,0.9916666666666668,0.0,0.0991666666666666,3,Potential New Buyers,Accessory Upsell,Referral Voucher,0.0
481,0.0416666666666666,0.0166666666666666,0.6583333333333333,0.0,11847.267619203893,-0.1028249125918677,3,Potential New Buyers,Nurture Email,Accessory Bundle (~2% value),0.02
482,0.0,0.0083333333333333,0.0833333333333333,1.0,113.22475316455694,0.0843069169929748,3,Potential New Buyers,Accessory Upsell,Referral Voucher,0.0
483,0.0916666666666666,0.025,0.0083333333333333,1.0,25905.474107818183,0.1604221751743928,0,High-Value Buyers,Accessory Upsell,3% Vehicle Discount / Free Service Pack,0.03
484,0.0333333333333333,0.0166666666666666,0.0166666666666666,0.0166666666666666,9523.103996628935,0.0217961700570291,3,Potential New Buyers,Nurture Email,Accessory Bundle (~2% value),0.02
485,0.0333333333333333,0.1416666666666666,0.6583333333333333,0.9083333333333332,11221.47529409729,-0.0027667417150143,3,Potential New Buyers,Accessory Upsell,Accessory Bundle (~2% value),0.02
486,0.0583333333333333,0.0666666666666666,0.0166666666666666,0.05,17174.943383341146,0.0471077574015212,0,High-Value Buyers,Trade-In Offer,3% Vehicle Discount / Free Service Pack,0.03
487,0.0,0.0,0.0083333333333333,1.0,0.0,0.0983333333333333,3,Potential New Buyers,Accessory Upsell,Referral Voucher,0.0
488,0.8083333333333333,0.0583333333333333,0.0,0.9833333333333332,226236.44466192264,0.6269034020078319,1,Service-Only,New-Car Promo,VIP Perks (0% off),0.0
489,0.0166666666666666,0.05,0.0,0.95,5327.675764137253,0.1115993366600556,3,Potential New Buyers,Accessory Upsell,Accessory Bundle (~2% value),0.02
490,0.0,0.0083333333333333,0.1166666666666666,0.9833333333333332,113.22475316455694,0.0759735836596415,3,Potential New Buyers,Accessory Upsell,Referral Voucher,0.0
491,0.0166666666666666,0.1416666666666666,0.0583333333333333,0.9916666666666668,6573.14804894738,0.1148087569161126,3,Potential New Buyers,Accessory Upsell,Accessory Bundle (~2% value),0.02
492,0.05,0.8916666666666667,0.0,0.9583333333333334,26060.03032405733,0.2322802890215979,0,High-Value Buyers,Service Appointment,3% Vehicle Discount / Free Service Pack,0.03
493,0.7833333333333333,0.8416666666666667,0.6916666666666667,0.0166666666666666,229907.0805916661,0.4672835139608278,1,Service-Only,New-Car Promo,VIP Perks (0% off),0.0
494,0.0083333333333333,0.0166666666666666,0.0916666666666666,1.0,2550.613128904069,0.0889927513370529,3,Potential New Buyers,Accessory Upsell,Referral Voucher,0.0
495,0.0083333333333333,0.025,0.05,0.9833333333333332,2663.837882068626,0.0966330016633611,3,Potential New Buyers,Accessory Upsell,Referral Voucher,0.0
496,0.0,0.0,0.0083333333333333,0.9416666666666668,0.0,0.0925,3,Potential New Buyers,Accessory Upsell,Referral Voucher,0.0
497,0.0166666666666666,0.1666666666666666,0.0,0.9833333333333332,6912.82230844105,0.1285628412283706,3,Potential New Buyers,Accessory Upsell,Accessory Bundle (~2% value),0.02
498,0.0333333333333333,0.0333333333333333,0.0,0.9916666666666668,9749.553502958051,0.1245766707096455,3,Potential New Buyers,Accessory Upsell,Accessory Bundle (~2% value),0.02
499,0.0583333333333333,0.8666666666666667,0.2583333333333333,0.9916666666666668,28044.51968713861,0.186405122060443,0,High-Value Buyers,Service Appointment,3% Vehicle Discount / Free Service Pack,0.03
500,0.1,0.1416666666666666,0.1666666666666666,0.1,29814.78427469694,0.057764597093811,0,High-Value Buyers,Trade-In Offer,3% Vehicle Discount / Free Service Pack,0.03
